{"cameraMode":{"drawMode":0,"name":"Shaded","section":"Shading Mode"},"sceneLighting":true,"audioPlay":false,"sceneViewState":{"showFog":true,"showMaterialUpdate":true,"showSkybox":true,"showFlares":true,"showImageEffects":true,"showParticleSystems":true},"in2DMode":false,"pivot":{"x":-1.671067714691162,"y":-3.5016427040100099,"z":13.399828910827637},"rotation":{"x":0.2359725683927536,"y":-0.068137526512146,"z":0.016588306054472925,"w":0.9692602753639221},"size":8.618796348571778,"orthographic":false}