{"cameraMode":{"drawMode":0,"name":"Shaded","section":"Shading Mode"},"sceneLighting":true,"audioPlay":false,"sceneViewState":{"showFog":true,"showMaterialUpdate":true,"showSkybox":true,"showFlares":true,"showImageEffects":true,"showParticleSystems":true},"in2DMode":false,"pivot":{"x":0.0684736967086792,"y":1.3170547485351563,"z":6.689709663391113},"rotation":{"x":-0.08861056715250015,"y":-0.04122898355126381,"z":0.00402569817379117,"w":-0.9953132271766663},"size":2.1059720516204836,"orthographic":false}