{"cameraMode":{"drawMode":0,"name":"Shaded","section":"Shading Mode"},"sceneLighting":true,"audioPlay":false,"sceneViewState":{"showFog":true,"showMaterialUpdate":true,"showSkybox":true,"showFlares":true,"showImageEffects":true,"showParticleSystems":true},"in2DMode":false,"pivot":{"x":-0.5960792303085327,"y":2.212263345718384,"z":8.15115737915039},"rotation":{"x":-0.005687402095645666,"y":-0.03418153151869774,"z":-0.00019512680592015386,"w":0.999416172504425},"size":7.216664791107178,"orthographic":false}