{"cameraMode":{"drawMode":0,"name":"Shaded","section":"Shading Mode"},"sceneLighting":true,"audioPlay":false,"sceneViewState":{"showFog":true,"showMaterialUpdate":true,"showSkybox":true,"showFlares":true,"showImageEffects":true,"showParticleSystems":true},"in2DMode":false,"pivot":{"x":2.9996180534362795,"y":-0.601272702217102,"z":3.082094669342041},"rotation":{"x":-0.2084459662437439,"y":-0.3925260007381439,"z":0.09191498905420304,"w":-0.8911726474761963},"size":3.3255913257598879,"orthographic":false}