{"cameraMode":{"drawMode":0,"name":"Shaded","section":"Shading Mode"},"sceneLighting":true,"audioPlay":false,"sceneViewState":{"showFog":true,"showMaterialUpdate":true,"showSkybox":true,"showFlares":true,"showImageEffects":true,"showParticleSystems":true},"in2DMode":false,"pivot":{"x":0.2322099357843399,"y":2.4496562480926515,"z":3.928555965423584},"rotation":{"x":0.03330374136567116,"y":0.0018113533733412624,"z":-0.00006453971582232043,"w":0.9994602203369141},"size":3.4662303924560549,"orthographic":false}