{"cameraMode":{"drawMode":0,"name":"Shaded","section":"Shading Mode"},"sceneLighting":true,"audioPlay":false,"sceneViewState":{"showFog":true,"showMaterialUpdate":true,"showSkybox":true,"showFlares":true,"showImageEffects":true,"showParticleSystems":true},"in2DMode":false,"pivot":{"x":0.10635486990213394,"y":4.138037204742432,"z":-6.1339335441589359},"rotation":{"x":0.17047548294067384,"y":-0.001170883420854807,"z":0.00019830853852909058,"w":0.9853779673576355},"size":0.45616066455841067,"orthographic":false}